dataset,model,seed,map50,map50_95
SMOKE_dataset,YOLOv8n (tuned),0,79.35,51.38
SMOKE_dataset,YOLOv8n (tuned),42,80.12,51.99
SMOKE_dataset,YOLOv8n (tuned),123,80.23,52.03
SMOKE_dataset,YOLOv8-CNR,0,89.89,60.07
SMOKE_dataset,YOLOv8-CNR,42,90.33,60.54
SMOKE_dataset,YOLOv8-CNR,123,90.38,60.59
FLAME_dataset,YOLOv8n (tuned),0,85.78,53.06
FLAME_dataset,YOLOv8n (tuned),42,86.24,53.56
FLAME_dataset,YOLOv8n (tuned),123,86.28,53.58
FLAME_dataset,YOLOv8-CNR,0,90.21,60.39
FLAME_dataset,YOLOv8-CNR,42,90.48,60.69
FLAME_dataset,YOLOv8-CNR,123,90.51,60.72
