config,modules,seed,fire_ap50,fire_map50_95,smoke_ap50,smoke_map50_95,map50,map50_95
baseline,YOLOv8n,0,80.35,42.51,65.23,32.73,72.79,37.62
baseline,YOLOv8n,42,79.45,41.76,65.19,31.08,72.32,36.42
baseline,YOLOv8n,123,79.9,41.73,63.38,31.05,71.64,36.39
A,C3_ConvNeXtv2,0,80.17,44.26,75.69,35.26,77.93,39.76
A,C3_ConvNeXtv2,42,79.43,43.13,75.72,31.79,77.58,37.46
A,C3_ConvNeXtv2,123,79.8,43.11,74.2,31.71,77.0,37.41
B,RepNCSPELAN4,0,80.72,44.56,75.41,34.5,78.07,39.53
B,RepNCSPELAN4,42,79.88,43.43,75.41,32.27,77.65,37.85
B,RepNCSPELAN4,123,80.3,43.41,73.58,32.29,76.94,37.85
C,SIoU,0,81.8,44.65,74.45,34.37,78.13,39.51
C,SIoU,42,81.0,43.68,74.43,32.66,77.72,38.17
C,SIoU,123,81.4,43.67,73.73,32.63,77.57,38.15
A+B,C3_ConvNeXtv2 + RepNCSPELAN4,0,82.21,45.53,75.77,36.29,78.99,40.91
A+B,C3_ConvNeXtv2 + RepNCSPELAN4,42,81.19,44.74,75.75,32.92,78.47,38.83
A+B,C3_ConvNeXtv2 + RepNCSPELAN4,123,81.7,44.73,74.08,32.85,77.89,38.79
A+C,C3_ConvNeXtv2 + SIoU,0,82.89,45.03,75.79,35.91,79.34,40.47
A+C,C3_ConvNeXtv2 + SIoU,42,81.91,44.24,75.82,32.64,78.87,38.44
A+C,C3_ConvNeXtv2 + SIoU,123,82.4,44.23,74.28,32.61,78.34,38.42
B+C,RepNCSPELAN4 + SIoU,0,82.75,44.56,74.84,34.06,78.8,39.31
B+C,RepNCSPELAN4 + SIoU,42,81.85,43.43,74.87,32.81,78.36,38.12
B+C,RepNCSPELAN4 + SIoU,123,82.3,43.41,73.49,32.79,77.9,38.1
A+B+C,YOLOv8-CNR,0,82.45,45.85,77.81,34.07,80.13,39.96
A+B+C,YOLOv8-CNR,42,81.95,44.88,77.78,33.4,79.87,39.14
A+B+C,YOLOv8-CNR,123,82.2,44.87,76.31,33.39,79.26,39.13
